Workbook

Sheet Objekte
A1: Ordnungsnummer | B1: Name | C1: Link Objekt (URL) | D1: Charme/Ästhetik (1-5) | E1: Zimmer | F1: Bäder | G1: Grundstücksgröße (m²) | H1: Bebaute Fläche (m²) | I1: Garten zu bewirtschaften (m²) | J1: Location | K1: Entfernung Flughafen (km) | L1: Entfernung Flughafen (min) | M1: Entfernung Daia Haus (km) | N1: Entfernung Daia Haus (min) | O1: Entfernung Andratx (km) | P1: Entfernung Andratx (min) | Q1: Entfernung Ses Salines (km) | R1: Entfernung Ses Salines (min) | S1: Preis (€) | T1: €/m² (bebaut) | U1: €/m² (Grundstück) | V1: Renovierung (0-100) | W1: Bewirtschaftung (1-5, 5=pflegeleicht) | X1: Vermietlizenz (100/50/0) | Y1: Erreichbarkeit (0-100) | Z1: Score (0-100) | AA1: SortKey (intern) | AB1: Rang | AC1: Gebäudestruktur | AD1: Baujahr (geschätzt) | AE1: Letzte Renovierung (geschätzt) | AF1: Reno-Score (0-100) | AG1: Reno-Begründung | AH1: Kommentar | AI1: Beschreibung | AJ1: Makler | AK1: Makler-Ref | AL1: Link Status
A2: 1 | B2: Establiments — Das Volumen; 762m² zum Umdenken | C2: https://www.idealista.com/de/inmueble/106332052/mapa?utm_medium=socialmedia&utm_campaign=private_sendadtofriend&utm_source=copiedLink | D2: 4 | E2: 4 | F2: 5 | G2: 20262 | H2: 762 | I2: 19500 | J2: Establiments | K2: 16.5 | L2: 20 | M2: 30.5 | N2: 39 | O2: 34.1 | P2: 35 | Q2: 59.4 | R2: 53 | S2: 3600000 | T2: 4724 | U2: 178 | V2: 70 | W2: 3 | X2: 0 | Y2: 58.5 | Z2: 50 | AA2: 5.0020263e+13 | AB2: 6 | AC2: Haupthaus (2 Stockwerke + Turm), große Terrassen | AD2: ~1960s | AE2: ~2022 | AF2: 70 | AG2: Traditional country house, fully renovated with high-end kitchen (Gaggenau/Bora), modern open-plan layout. No build year listed suggests older structure. Excel comment notes 'Haupthaus (2 Stockwerke + Turm), große Terrassen'. Well-renovated but original structure is old. Old=4 → 70. | AI2: Riesig, tolle Lage — aber nur 4 Zimmer. Umbau nötig, dann ein Monster. | AJ2: Idealista | AK2: 106332052 | AL2: Aktiv
A3: 2 | B3: Binissalem — Platz für alle; 8 Zimmer, endlose Gärten | C3: https://www.engelvoelkers.com/es/de/exposes/6971ac2a-f182-5703-a001-2c6f306cd2ae?utm_source=expose_sharing&utm_medium=copy_link | D3: 4 | E3: 8 | F3: 6 | G3: 8261 | H3: 400 | I3: 7861 | J3: Binissalem | K3: 29 | L3: 24 | M3: 36.2 | N3: 42 | O3: 51.6 | P3: 42 | Q3: 71.9 | R3: 57 | S3: 3400000 | T3: 8500 | U3: 412 | V3: 72 | W3: 3 | X3: 0 | Y3: 49.3 | Z3: 57.5 | AA3: 5.7508261e+13 | AB3: 3 | AC3: Haupthaus + 2 separate Gästehäuser | AD3: 2002 | AE3: ~2022 | AF3: 72 | AG3: Built 2002, comprehensively modernized with PV, Starlink, modern insulation. Condition rated 'Sehr gut'. Only 23 years old with full modernization. Excel: 'Sehr schön, evtl. Ausbaumöglichkeit'. Old=4 → 72. | AH3: Sehr schön, evtl. Ausbaumöglichkeit für zusätzliches Zimmer prüfen | AI3: Sommer im Garten, Großmutter zum Abendessen — alles nah, alles einfach. | AJ3: Engel & Völkers | AL3: Aktiv
A4: 3 | B4: Establiments — Charme-Refugium; altes Steinhaus mit Charakter | C4: https://www.idealista.com/de/inmueble/106744049/foto/1/?utm_medium=socialmedia&utm_campaign=private_sendadtofriend&utm_source=copiedLink | D4: 5 | E4: 7 | F4: 7 | G4: 14393 | H4: 601 | I4: 13792 | J4: Establiments | K4: 16.5 | L4: 20 | M4: 30.5 | N4: 39 | O4: 34.1 | P4: 35 | Q4: 59.4 | R4: 53 | S4: 4500000 | T4: 7488 | U4: 313 | V4: 62 | W4: 2 | X4: 0 | Y4: 58.5 | Z4: 58.6 | AA4: 5.8614394e+13 | AB4: 2 | AC4: Haupthaus (5 SZ, 6 Bäder) + unabhängiges Gästehaus (2 SZ, 1 Bad) | AD4: 1980 | AE4: ~2015 | AF4: 62 | AG4: Built 1980 (45 years old), maintained in Mallorcan country house style with modern amenities (underfloor heating, designer kitchen). Excel: 'Gute Raumanzahl + Gästehaus, innen nicht ganz überzeugend'. Interior not fully convincing suggests renovation is partial. Old=4 → 62. | AH4: Gute Raumanzahl + Gästehaus, innen nicht ganz überzeugend | AI4: Alte Mauern, warmes Licht — ein Haus das die Kinder nie vergessen werden. | AJ4: Idealista | AK4: 106744049 | AL4: Aktiv
A5: 4 | B5: Palmanyola — Klein aber Wow; Designvilla vor den Toren Palmas | C5: https://www.idealista.com/de/inmueble/109708161/plano/2/?utm_medium=socialmedia&utm_campaign=private_sendadtofriend&utm_source=copiedLink | D5: 4 | E5: 5 | F5: 5 | G5: 2500 | H5: 670 | I5: 1830 | J5: Palmanyola | K5: 16.6 | L5: 16 | M5: 18 | N5: 23 | O5: 36.2 | P5: 32 | Q5: 59.5 | R5: 50 | S5: 5600000 | T5: 8358 | U5: 2240 | V5: 78 | W5: 4 | X5: 0 | Y5: 76 | Z5: 31.3 | AA5: 3.1302501e+13 | AB5: 12 | AC5: Freistehendes Haus mit Pool und Garten | AD5: ~1990s | AE5: ~2024 | AF5: 78 | AG5: Description explicitly says 'komplett kernsaniert' – complete core renovation. Modern open kitchen, fireplace, 2 floors with 670m². Excel old=3 probably reflected pre-renovation state or plot size concern ('Grundstück evtl. zu klein'). Actual condition is excellent post-renovation. → 78. | AH5: Sehr modern, Grundstück evtl. zu klein | AI5: Modern, sofort bezugsfertig, nah dran — aber Grundstück zu klein für drei Kinder. | AJ5: Idealista | AK5: 109708161 | AL5: Aktiv
A6: 5 | B6: Santa Maria — Potenzial pur; Rohling in Traumlage | C6: https://www.idealista.com/de/inmueble/106300856/foto/17/?utm_medium=socialmedia&utm_campaign=private_sendadtofriend&utm_source=copiedLink | D6: 4 | E6: 5 | F6: 5 | G6: 29307 | H6: 500 | I6: 28807 | J6: Santa Maria del Cami | K6: 21 | L6: 16 | M6: 24.2 | N6: 32 | O6: 43.6 | P6: 34 | Q6: 63.8 | R6: 49 | S6: 4100000 | T6: 8200 | U6: 140 | V6: 48 | W6: 3 | X6: 0 | Y6: 66 | Z6: 43.5 | AA6: 4.3529308e+13 | AB6: 10 | AC6: Landhaus mit Pool und Terrassen, teils unfertig | AD6: 2024 | AE6: n/a (new build) | AF6: 48 | AG6: New build 2024 but still under construction ('In Bearbeitung'). Excel: 'Gute Lage, einiges noch nicht fertig'. While the finished product will be new, incomplete status means uncertain timeline and finishing quality. Old=3 → 48. | AH6: Gute Lage, einiges noch nicht fertig | AI6: Traumlage, nah am Flughafen — aber unfertig. Mit kleinen Kindern erstmal stressig. | AJ6: Idealista | AK6: 106300856 | AL6: Aktiv
A7: 6 | B7: Campos — Zum Selbermachen; ehrliche Finca, ehrlicher Preis | C7: https://www.idealista.com/de/inmueble/81539590/?utm_medium=socialmedia&utm_campaign=private_sendadtofriend&utm_source=copiedLink | D7: 4 | E7: 6 | F7: 5 | G7: 11700 | H7: 356 | I7: 11344 | J7: Campos | K7: 29.9 | L7: 21 | M7: 64.2 | N7: 57 | O7: 67.9 | P7: 50 | Q7: 12.2 | R7: 13 | S7: 2850000 | T7: 8006 | U7: 244 | V7: 50 | W7: 3 | X7: 0 | Y7: 57.8 | Z7: 44 | AA7: 4.40117e+13 | AB7: 9 | AC7: Modernes Landhaus mit großem Pool und Garten | AD7: ~1990s | AE7: ~2010 | AF7: 50 | AG7: No build year, 'In Bearbeitung' status, no heating system. Excel: 'Interessante Substanz, viel Interior-Arbeit, evtl. günstiger'. Needs significant interior renovation work. Good bones but unfinished. Old=4 seems generous; actual condition warrants 50. | AH7: Interessante Substanz, viel Interior-Arbeit, evtl. günstiger | AI7: Solide Basis, fairer Preis — aber hier muss noch Hand angelegt werden. | AJ7: Idealista | AK7: 81539590 | AL7: Aktiv
A8: 7 | B8: Sa Ràpita — Strandgold; aufwachen, Es Trenc, fertig | C8: https://www.idealista.com/de/inmueble/109467637/foto/18/?utm_medium=socialmedia&utm_campaign=private_sendadtofriend&utm_source=copiedLink | D8: 4 | E8: 5 | F8: 5 | G8: 30000 | H8: 533 | I8: 29467 | J8: Sa Ràpita | K8: 35 | L8: 28 | M8: 69.4 | N8: 64 | O8: 73.1 | P8: 58 | Q8: 14.9 | R8: 17 | S8: 3950000 | T8: 7411 | U8: 132 | V8: 68 | W8: 2 | X8: 0 | Y8: 42 | Z8: 37.4 | AA8: 3.7430001e+13 | AB8: 11 | AC8: Haupthaus mit ausgedehntem Grundstück und Pool | AD8: 2024 | AE8: n/a (new build) | AF8: 68 | AG8: New build 2024 with modern design and natural elements. 30,000m² plot near Es Trenc beach. No 'In Bearbeitung' flag suggests more complete than Santa Maria property. Excel old=3 seems low for a 2024 new build; possibly reflected other concerns. → 68. | AH8: Nähe Es Trenc | AI8: Strand vor der Tür, perfekt für Sommer — aber über eine Stunde zum Familienhaus. | AJ8: Idealista | AK8: 109467637 | AL8: Aktiv
A9: 8 | B9: Sa Ràpita — Vision 1800; 5 Hektar warten auf deine Handschrift | C9: https://www.idealista.com/de/inmueble/106134268/video/1/?utm_medium=socialmedia&utm_campaign=private_sendadtofriend&utm_source=copiedLink | D9: 3 | E9: 6 | F9: 3 | G9: 51000 | H9: 680 | I9: 50320 | J9: Sa Ràpita | K9: 35 | L9: 28 | M9: 69.4 | N9: 64 | O9: 73.1 | P9: 58 | Q9: 14.9 | R9: 17 | S9: 2950000 | T9: 4338 | U9: 58 | V9: 30 | W9: 4 | X9: 0 | Y9: 42 | Z9: 49.3 | AA9: 4.9351001e+13 | AB9: 7 | AC9: Haus mit Pool in ruhiger Lage | AD9: 1800 | AE9: unknown | AF9: 30 | AG9: Built around 1800 – over 200 years old. 'In Bearbeitung' and Excel says 'Hier könnte sich Mathieu verwirklichen' (creative project). Traditional Mallorcan farmhouse needing significant work. Described as 'gut erhalten' (well-maintained) but very old. Old=3 → 30. | AH9: Hier könnte sich Mathieu verwirklichen 😉 | AI9: Für Visionäre — aber nichts für 6 Wochen im Jahr. Ehrlich gesagt: zu viel Projekt. | AJ9: Idealista | AK9: 106134268 | AL9: Aktiv
A10: 9 | B10: Sencelles — 13 Hektar Paradies; dein eigenes Landgut | C10: https://ev-mallorca.com/en/mallorca-property/excellent-estate-with-its-own-vineyard-olive-grove-and-incredible-charm-W-02Q8YG | D10: 5 | E10: 6 | F10: 5 | G10: 132500 | H10: 682 | I10: 131818 | J10: Sencelles | K10: 31.7 | L10: 26 | M10: 38.9 | N10: 44 | O10: 54.3 | P10: 45 | Q10: 44 | R10: 45 | S10: 3900000 | T10: 5718 | U10: 29 | V10: 85 | W10: 2 | X10: 50 | Y10: 44.8 | Z10: 59.8 | AA10: 5.9932501e+13 | AB10: 1 | AC10: Haupthaus + Gästeapartment + Studio, Weinberg & Olivenhain | AD10: 1890 | AE10: ~2020 | AF10: 85 | AG10: Built 1890 but rated neuwertig (5) in Excel. Must have undergone comprehensive luxury renovation. 132,000m²+ estate with vineyard and olive grove. The 'incredible charm' title plus neuwertig rating suggests top-quality restoration. Historic character + modern luxury. → 85. | AH10: ⚠️ Nicht mehr gelistet (03.03.2026) | AI10: So viel Platz, dass sich drei kleine Entdecker darin verlaufen können. | AJ10: Engel & Völkers | AK10: W-02Q8YG | AL10: Nicht mehr gelistet
A11: 10 | B11: Ses Salines — Neubau Deluxe; einziehen und leben | C11: https://ev-mallorca.com/en/mallorca-property/unique-designer-house-in-a-quiet-location-W-0475DS | D11: 5 | E11: 5 | F11: 5 | G11: 23800 | H11: 399 | I11: 23401 | J11: Ses Salines | K11: 42.2 | L11: 34 | M11: 76.5 | N11: 70 | O11: 80.2 | P11: 63 | Q11: 0 | R11: 0 | S11: 5450000 | T11: 13659 | U11: 229 | V11: 98 | W11: 4 | X11: 0 | Y11: 33.3 | Z11: 31 | AA11: 3.10238e+13 | AB11: 13 | AC11: Einzelgebäude (einstöckig), Neubau 2025 | AD11: 2025 | AE11: n/a (new build) | AF11: 98 | AG11: Brand new construction 2025. Designer house, single-story, quiet location. As new as it gets. Old=5 → 98. | AI11: Koffer abstellen, fertig. Aber weit vom Familienhaus und über Budget. | AJ11: Engel & Völkers | AK11: W-0475DS | AL11: Aktiv
A12: 11 | B12: Moscari — Architekten-Traum; Design trifft Serra de Tramuntana | C12: https://ev-mallorca.com/en/mallorca-property/where-contemporary-design-blends-in-perfect-harmony-with-the-mediterranean-landscape-W-02NQDS | D12: 5 | E12: 5 | F12: 5 | G12: 19811 | H12: 832 | I12: 18979 | J12: Moscari | K12: 46.3 | L12: 34 | M12: 53.5 | N12: 52 | O12: 68.9 | P12: 52 | Q12: 64.6 | R12: 62 | S12: 3950000 | T12: 4748 | U12: 199 | V12: 92 | W12: 4 | X12: 0 | Y12: 29.3 | Z12: 48.8 | AA12: 4.8819812e+13 | AB12: 8 | AC12: Haupthaus + separater Gästebereich | AD12: 2018 | AE12: n/a | AF12: 92 | AG12: Built 2018, only 8 years old. Contemporary design, large 832m² living area. Wheelchair accessible and senior-oriented suggests high-spec modern build. Excel: 'Haupthaus + separater Gästebereich'. Old=5 → 92. | AI12: Aufwachen mit Bergblick, einschlafen mit Stille — aber weit weg vom Familienhaus. | AJ12: Engel & Völkers | AK12: W-02NQDS | AL12: Aktiv
A13: 12 | B13: Campos — Finca mit Lizenz; 14 Hektar mallorquinischer Traum | C13: https://ev-mallorca.com/en/mallorca-property/dreamlike-finca-with-rental-license-near-es-trenc-W-02ZICD | D13: 4 | E13: 6 | F13: 6 | G13: 14200 | H13: 436 | I13: 13764 | J13: Campos | K13: 30.6 | L13: 23 | M13: 64.2 | N13: 57 | O13: 67.9 | P13: 50 | Q13: 12.2 | R13: 13 | S13: 3490000 | T13: 8005 | U13: 246 | V13: 65 | W13: 2 | X13: 100 | Y13: 56.2 | Z13: 54.4 | AA13: 5.44142e+13 | AB13: 4 | AC13: Haupthaus + separater Gebäudeteil (L-Form), Sportanlagen | AD13: 1997 | AE13: 2014 | AF13: 65 | AG13: Built 1997, last restored 2014 (12 years ago). Well-equipped with PV, underfloor heating, A/C. Sports facilities. But restoration is over a decade old now. Excel: 'Haupthaus + separater Gebäudeteil (L-Form), Sportanlagen'. Old=4 → 65. | AI13: Vermieten wenn ihr nicht da seid, ankommen wenn ihr wollt — die Finca rechnet sich. | AJ13: Engel & Völkers | AK13: W-02ZICD | AL13: Aktiv
A14: 13 | B14: Bunyola — Berglage mit Lizenz; Tramuntana vor der Tür | C14: https://www.idealista.com/inmueble/110322709/ | D14: 5 | E14: 6 | F14: 5 | G14: 14785 | H14: 355 | J14: Bunyola | K14: 23.8 | L14: 20 | M14: 14.8 | N14: 20 | O14: 46.4 | P14: 38 | Q14: 66.7 | R14: 53 | S14: 3500000 | T14: 9859 | U14: 237 | V14: 70 | W14: 3 | X14: 100 | Y14: 76 | Z14: 51.2 | AA14: 5.1214785e+13 | AB14: 5 | AC14: Haupthaus + Gästehaus (70m²) + Turm (30m²) | AD14: 2008 | AE14: unknown | AF14: 70 | AG14: Built 2008 (18 years old), good condition ('buen estado'). Single-story, 6 rooms, 5 baths. Excel: 'Haupthaus + Gästehaus (70m²) + Turm (30m²)'. Solid build age with good condition rating. Old=4 → 70. | AI14: 20 Minuten zum Familienhaus, Berge vor der Tür, Gäste im Haus — alles gleichzeitig. | AJ14: Idealista | AK14: 110322709 | AL14: Aktiv

Sheet Einstellungen
A1: Bewertungssystem Einstellungen (blau = anpassbar)
A4: GEWICHTE (Summe = 100)
A5: Zimmer & Platz | B5: 20
A6: Erreichbarkeit (Flughafen/Daia/Andratx/Ses Salines) | B6: 10
A7: Grundstück & Garten | B7: 15
A8: Vermietlizenz | B8: 10
A9: Preis/Budget | B9: 15
A10: Charme / Ästhetik (1-5, manuell) | B10: 10
A11: Renovierung (0-100) | B11: 0
A12: Bewirtschaftung (1-5, 5=pflegeleicht) | B12: 5
A13: Preis-Leistung (€/m²) | B13: 15
A14: Summe | B14: =SUM(B5:B13)
A16: ERREICHBARKEIT (Minuten) | B16: Ideal | C16: Akzeptabel | D16: Dealbreaker | E16: Gewicht intern
A17: Flughafen | B17: 20 | C17: 35 | D17: 50 | E17: 25
A18: Daia (Hotel Corazón) | B18: 20 | C18: 40 | D18: 70 | E18: 40
A19: Andratx | B19: 30 | C19: 45 | D19: 60 | E19: 15
A20: Ses Salines | B20: 15 | C20: 30 | D20: 45 | E20: 20
A22: ZIMMER
A23: Minimum Zimmer | B23: 5
A24: Ideal Zimmer | B24: 8
A26: GRUNDSTÜCK & GARTEN
A27: Min Grundstück (m²) | B27: 3000
A28: Ideal Grundstück (m²) | B28: 15000
A29: Min Garten/Rasen (m²) | B29: 1000
A30: Ideal Garten/Rasen (m²) | B30: 5000
A32: VALUE
A33: Ziel €/m² (bebaut) | B33: 5000
A34: Max €/m² (bebaut) | B34: 12000

Sheet Rangliste
A1: Rangliste (automatisch aus 'Objekte')
A3: Rang | B3: Name | C3: Score | D3: Erreichb. | E3: Flugh.(min) | F3: Daia (min) | G3: Andratx (min) | H3: Zimmer | I3: Grundstück | J3: Garten | K3: Preis (€) | L3: Lizenz | M3: Charme | N3: Bewirtsch. | O3: Kommentar | P3: URL | Q3: Reno-Score | R3: Baujahr
A4: 1 | B4: =IFERROR(INDEX(Objekte!$B$2:$B$201,MATCH($A4,Objekte!$AB$2:$AB$201,0)),"") | C4: =IFERROR(INDEX(Objekte!$Z$2:$Z$201,MATCH($A4,Objekte!$AB$2:$AB$201,0)),"") | D4: =IFERROR(INDEX(Objekte!$Y$2:$Y$201,MATCH($A4,Objekte!$AB$2:$AB$201,0)),"") | E4: =IFERROR(INDEX(Objekte!$L$2:$L$201,MATCH($A4,Objekte!$AB$2:$AB$201,0)),"") | F4: =IFERROR(INDEX(Objekte!$N$2:$N$201,MATCH($A4,Objekte!$AB$2:$AB$201,0)),"") | G4: =IFERROR(INDEX(Objekte!$P$2:$P$201,MATCH($A4,Objekte!$AB$2:$AB$201,0)),"") | H4: =IFERROR(INDEX(Objekte!$E$2:$E$201,MATCH($A4,Objekte!$AB$2:$AB$201,0)),"") | I4: =IFERROR(INDEX(Objekte!$G$2:$G$201,MATCH($A4,Objekte!$AB$2:$AB$201,0)),"") | J4: =IFERROR(INDEX(Objekte!$I$2:$I$201,MATCH($A4,Objekte!$AB$2:$AB$201,0)),"") | K4: =IFERROR(INDEX(Objekte!$S$2:$S$201,MATCH($A4,Objekte!$AB$2:$AB$201,0)),"") | L4: =IFERROR(INDEX(Objekte!$X$2:$X$201,MATCH($A4,Objekte!$AB$2:$AB$201,0)),"") | M4: =IFERROR(INDEX(Objekte!$D$2:$D$201,MATCH($A4,Objekte!$AB$2:$AB$201,0)),"") | N4: =IFERROR(INDEX(Objekte!$W$2:$W$201,MATCH($A4,Objekte!$AB$2:$AB$201,0)),"") | O4: =IFERROR(INDEX(Objekte!$AH$2:$AH$201,MATCH($A4,Objekte!$AB$2:$AB$201,0)),"") | P4: =IFERROR(INDEX(Objekte!$C$2:$C$201,MATCH($A4,Objekte!$AB$2:$AB$201,0)),"") | Q4: =IFERROR(INDEX(Objekte!$AF$2:$AF$201,MATCH($A4,Objekte!$AB$2:$AB$201,0)),"") | R4: =IFERROR(INDEX(Objekte!$AD$2:$AD$201,MATCH($A4,Objekte!$AB$2:$AB$201,0)),"")
A5: 2 | B5: =IFERROR(INDEX(Objekte!$B$2:$B$201,MATCH($A5,Objekte!$AB$2:$AB$201,0)),"") | C5: =IFERROR(INDEX(Objekte!$Z$2:$Z$201,MATCH($A5,Objekte!$AB$2:$AB$201,0)),"") | D5: =IFERROR(INDEX(Objekte!$Y$2:$Y$201,MATCH($A5,Objekte!$AB$2:$AB$201,0)),"") | E5: =IFERROR(INDEX(Objekte!$L$2:$L$201,MATCH($A5,Objekte!$AB$2:$AB$201,0)),"") | F5: =IFERROR(INDEX(Objekte!$N$2:$N$201,MATCH($A5,Objekte!$AB$2:$AB$201,0)),"") | G5: =IFERROR(INDEX(Objekte!$P$2:$P$201,MATCH($A5,Objekte!$AB$2:$AB$201,0)),"") | H5: =IFERROR(INDEX(Objekte!$E$2:$E$201,MATCH($A5,Objekte!$AB$2:$AB$201,0)),"") | I5: =IFERROR(INDEX(Objekte!$G$2:$G$201,MATCH($A5,Objekte!$AB$2:$AB$201,0)),"") | J5: =IFERROR(INDEX(Objekte!$I$2:$I$201,MATCH($A5,Objekte!$AB$2:$AB$201,0)),"") | K5: =IFERROR(INDEX(Objekte!$S$2:$S$201,MATCH($A5,Objekte!$AB$2:$AB$201,0)),"") | L5: =IFERROR(INDEX(Objekte!$X$2:$X$201,MATCH($A5,Objekte!$AB$2:$AB$201,0)),"") | M5: =IFERROR(INDEX(Objekte!$D$2:$D$201,MATCH($A5,Objekte!$AB$2:$AB$201,0)),"") | N5: =IFERROR(INDEX(Objekte!$W$2:$W$201,MATCH($A5,Objekte!$AB$2:$AB$201,0)),"") | O5: =IFERROR(INDEX(Objekte!$AH$2:$AH$201,MATCH($A5,Objekte!$AB$2:$AB$201,0)),"") | P5: =IFERROR(INDEX(Objekte!$C$2:$C$201,MATCH($A5,Objekte!$AB$2:$AB$201,0)),"") | Q5: =IFERROR(INDEX(Objekte!$AF$2:$AF$201,MATCH($A5,Objekte!$AB$2:$AB$201,0)),"") | R5: =IFERROR(INDEX(Objekte!$AD$2:$AD$201,MATCH($A5,Objekte!$AB$2:$AB$201,0)),"")
A6: 3 | B6: =IFERROR(INDEX(Objekte!$B$2:$B$201,MATCH($A6,Objekte!$AB$2:$AB$201,0)),"") | C6: =IFERROR(INDEX(Objekte!$Z$2:$Z$201,MATCH($A6,Objekte!$AB$2:$AB$201,0)),"") | D6: =IFERROR(INDEX(Objekte!$Y$2:$Y$201,MATCH($A6,Objekte!$AB$2:$AB$201,0)),"") | E6: =IFERROR(INDEX(Objekte!$L$2:$L$201,MATCH($A6,Objekte!$AB$2:$AB$201,0)),"") | F6: =IFERROR(INDEX(Objekte!$N$2:$N$201,MATCH($A6,Objekte!$AB$2:$AB$201,0)),"") | G6: =IFERROR(INDEX(Objekte!$P$2:$P$201,MATCH($A6,Objekte!$AB$2:$AB$201,0)),"") | H6: =IFERROR(INDEX(Objekte!$E$2:$E$201,MATCH($A6,Objekte!$AB$2:$AB$201,0)),"") | I6: =IFERROR(INDEX(Objekte!$G$2:$G$201,MATCH($A6,Objekte!$AB$2:$AB$201,0)),"") | J6: =IFERROR(INDEX(Objekte!$I$2:$I$201,MATCH($A6,Objekte!$AB$2:$AB$201,0)),"") | K6: =IFERROR(INDEX(Objekte!$S$2:$S$201,MATCH($A6,Objekte!$AB$2:$AB$201,0)),"") | L6: =IFERROR(INDEX(Objekte!$X$2:$X$201,MATCH($A6,Objekte!$AB$2:$AB$201,0)),"") | M6: =IFERROR(INDEX(Objekte!$D$2:$D$201,MATCH($A6,Objekte!$AB$2:$AB$201,0)),"") | N6: =IFERROR(INDEX(Objekte!$W$2:$W$201,MATCH($A6,Objekte!$AB$2:$AB$201,0)),"") | O6: =IFERROR(INDEX(Objekte!$AH$2:$AH$201,MATCH($A6,Objekte!$AB$2:$AB$201,0)),"") | P6: =IFERROR(INDEX(Objekte!$C$2:$C$201,MATCH($A6,Objekte!$AB$2:$AB$201,0)),"") | Q6: =IFERROR(INDEX(Objekte!$AF$2:$AF$201,MATCH($A6,Objekte!$AB$2:$AB$201,0)),"") | R6: =IFERROR(INDEX(Objekte!$AD$2:$AD$201,MATCH($A6,Objekte!$AB$2:$AB$201,0)),"")
A7: 4 | B7: =IFERROR(INDEX(Objekte!$B$2:$B$201,MATCH($A7,Objekte!$AB$2:$AB$201,0)),"") | C7: =IFERROR(INDEX(Objekte!$Z$2:$Z$201,MATCH($A7,Objekte!$AB$2:$AB$201,0)),"") | D7: =IFERROR(INDEX(Objekte!$Y$2:$Y$201,MATCH($A7,Objekte!$AB$2:$AB$201,0)),"") | E7: =IFERROR(INDEX(Objekte!$L$2:$L$201,MATCH($A7,Objekte!$AB$2:$AB$201,0)),"") | F7: =IFERROR(INDEX(Objekte!$N$2:$N$201,MATCH($A7,Objekte!$AB$2:$AB$201,0)),"") | G7: =IFERROR(INDEX(Objekte!$P$2:$P$201,MATCH($A7,Objekte!$AB$2:$AB$201,0)),"") | H7: =IFERROR(INDEX(Objekte!$E$2:$E$201,MATCH($A7,Objekte!$AB$2:$AB$201,0)),"") | I7: =IFERROR(INDEX(Objekte!$G$2:$G$201,MATCH($A7,Objekte!$AB$2:$AB$201,0)),"") | J7: =IFERROR(INDEX(Objekte!$I$2:$I$201,MATCH($A7,Objekte!$AB$2:$AB$201,0)),"") | K7: =IFERROR(INDEX(Objekte!$S$2:$S$201,MATCH($A7,Objekte!$AB$2:$AB$201,0)),"") | L7: =IFERROR(INDEX(Objekte!$X$2:$X$201,MATCH($A7,Objekte!$AB$2:$AB$201,0)),"") | M7: =IFERROR(INDEX(Objekte!$D$2:$D$201,MATCH($A7,Objekte!$AB$2:$AB$201,0)),"") | N7: =IFERROR(INDEX(Objekte!$W$2:$W$201,MATCH($A7,Objekte!$AB$2:$AB$201,0)),"") | O7: =IFERROR(INDEX(Objekte!$AH$2:$AH$201,MATCH($A7,Objekte!$AB$2:$AB$201,0)),"") | P7: =IFERROR(INDEX(Objekte!$C$2:$C$201,MATCH($A7,Objekte!$AB$2:$AB$201,0)),"") | Q7: =IFERROR(INDEX(Objekte!$AF$2:$AF$201,MATCH($A7,Objekte!$AB$2:$AB$201,0)),"") | R7: =IFERROR(INDEX(Objekte!$AD$2:$AD$201,MATCH($A7,Objekte!$AB$2:$AB$201,0)),"")
A8: 5 | B8: =IFERROR(INDEX(Objekte!$B$2:$B$201,MATCH($A8,Objekte!$AB$2:$AB$201,0)),"") | C8: =IFERROR(INDEX(Objekte!$Z$2:$Z$201,MATCH($A8,Objekte!$AB$2:$AB$201,0)),"") | D8: =IFERROR(INDEX(Objekte!$Y$2:$Y$201,MATCH($A8,Objekte!$AB$2:$AB$201,0)),"") | E8: =IFERROR(INDEX(Objekte!$L$2:$L$201,MATCH($A8,Objekte!$AB$2:$AB$201,0)),"") | F8: =IFERROR(INDEX(Objekte!$N$2:$N$201,MATCH($A8,Objekte!$AB$2:$AB$201,0)),"") | G8: =IFERROR(INDEX(Objekte!$P$2:$P$201,MATCH($A8,Objekte!$AB$2:$AB$201,0)),"") | H8: =IFERROR(INDEX(Objekte!$E$2:$E$201,MATCH($A8,Objekte!$AB$2:$AB$201,0)),"") | I8: =IFERROR(INDEX(Objekte!$G$2:$G$201,MATCH($A8,Objekte!$AB$2:$AB$201,0)),"") | J8: =IFERROR(INDEX(Objekte!$I$2:$I$201,MATCH($A8,Objekte!$AB$2:$AB$201,0)),"") | K8: =IFERROR(INDEX(Objekte!$S$2:$S$201,MATCH($A8,Objekte!$AB$2:$AB$201,0)),"") | L8: =IFERROR(INDEX(Objekte!$X$2:$X$201,MATCH($A8,Objekte!$AB$2:$AB$201,0)),"") | M8: =IFERROR(INDEX(Objekte!$D$2:$D$201,MATCH($A8,Objekte!$AB$2:$AB$201,0)),"") | N8: =IFERROR(INDEX(Objekte!$W$2:$W$201,MATCH($A8,Objekte!$AB$2:$AB$201,0)),"") | O8: =IFERROR(INDEX(Objekte!$AH$2:$AH$201,MATCH($A8,Objekte!$AB$2:$AB$201,0)),"") | P8: =IFERROR(INDEX(Objekte!$C$2:$C$201,MATCH($A8,Objekte!$AB$2:$AB$201,0)),"") | Q8: =IFERROR(INDEX(Objekte!$AF$2:$AF$201,MATCH($A8,Objekte!$AB$2:$AB$201,0)),"") | R8: =IFERROR(INDEX(Objekte!$AD$2:$AD$201,MATCH($A8,Objekte!$AB$2:$AB$201,0)),"")
A9: 6 | B9: =IFERROR(INDEX(Objekte!$B$2:$B$201,MATCH($A9,Objekte!$AB$2:$AB$201,0)),"") | C9: =IFERROR(INDEX(Objekte!$Z$2:$Z$201,MATCH($A9,Objekte!$AB$2:$AB$201,0)),"") | D9: =IFERROR(INDEX(Objekte!$Y$2:$Y$201,MATCH($A9,Objekte!$AB$2:$AB$201,0)),"") | E9: =IFERROR(INDEX(Objekte!$L$2:$L$201,MATCH($A9,Objekte!$AB$2:$AB$201,0)),"") | F9: =IFERROR(INDEX(Objekte!$N$2:$N$201,MATCH($A9,Objekte!$AB$2:$AB$201,0)),"") | G9: =IFERROR(INDEX(Objekte!$P$2:$P$201,MATCH($A9,Objekte!$AB$2:$AB$201,0)),"") | H9: =IFERROR(INDEX(Objekte!$E$2:$E$201,MATCH($A9,Objekte!$AB$2:$AB$201,0)),"") | I9: =IFERROR(INDEX(Objekte!$G$2:$G$201,MATCH($A9,Objekte!$AB$2:$AB$201,0)),"") | J9: =IFERROR(INDEX(Objekte!$I$2:$I$201,MATCH($A9,Objekte!$AB$2:$AB$201,0)),"") | K9: =IFERROR(INDEX(Objekte!$S$2:$S$201,MATCH($A9,Objekte!$AB$2:$AB$201,0)),"") | L9: =IFERROR(INDEX(Objekte!$X$2:$X$201,MATCH($A9,Objekte!$AB$2:$AB$201,0)),"") | M9: =IFERROR(INDEX(Objekte!$D$2:$D$201,MATCH($A9,Objekte!$AB$2:$AB$201,0)),"") | N9: =IFERROR(INDEX(Objekte!$W$2:$W$201,MATCH($A9,Objekte!$AB$2:$AB$201,0)),"") | O9: =IFERROR(INDEX(Objekte!$AH$2:$AH$201,MATCH($A9,Objekte!$AB$2:$AB$201,0)),"") | P9: =IFERROR(INDEX(Objekte!$C$2:$C$201,MATCH($A9,Objekte!$AB$2:$AB$201,0)),"") | Q9: =IFERROR(INDEX(Objekte!$AF$2:$AF$201,MATCH($A9,Objekte!$AB$2:$AB$201,0)),"") | R9: =IFERROR(INDEX(Objekte!$AD$2:$AD$201,MATCH($A9,Objekte!$AB$2:$AB$201,0)),"")
A10: 7 | B10: =IFERROR(INDEX(Objekte!$B$2:$B$201,MATCH($A10,Objekte!$AB$2:$AB$201,0)),"") | C10: =IFERROR(INDEX(Objekte!$Z$2:$Z$201,MATCH($A10,Objekte!$AB$2:$AB$201,0)),"") | D10: =IFERROR(INDEX(Objekte!$Y$2:$Y$201,MATCH($A10,Objekte!$AB$2:$AB$201,0)),"") | E10: =IFERROR(INDEX(Objekte!$L$2:$L$201,MATCH($A10,Objekte!$AB$2:$AB$201,0)),"") | F10: =IFERROR(INDEX(Objekte!$N$2:$N$201,MATCH($A10,Objekte!$AB$2:$AB$201,0)),"") | G10: =IFERROR(INDEX(Objekte!$P$2:$P$201,MATCH($A10,Objekte!$AB$2:$AB$201,0)),"") | H10: =IFERROR(INDEX(Objekte!$E$2:$E$201,MATCH($A10,Objekte!$AB$2:$AB$201,0)),"") | I10: =IFERROR(INDEX(Objekte!$G$2:$G$201,MATCH($A10,Objekte!$AB$2:$AB$201,0)),"") | J10: =IFERROR(INDEX(Objekte!$I$2:$I$201,MATCH($A10,Objekte!$AB$2:$AB$201,0)),"") | K10: =IFERROR(INDEX(Objekte!$S$2:$S$201,MATCH($A10,Objekte!$AB$2:$AB$201,0)),"") | L10: =IFERROR(INDEX(Objekte!$X$2:$X$201,MATCH($A10,Objekte!$AB$2:$AB$201,0)),"") | M10: =IFERROR(INDEX(Objekte!$D$2:$D$201,MATCH($A10,Objekte!$AB$2:$AB$201,0)),"") | N10: =IFERROR(INDEX(Objekte!$W$2:$W$201,MATCH($A10,Objekte!$AB$2:$AB$201,0)),"") | O10: =IFERROR(INDEX(Objekte!$AH$2:$AH$201,MATCH($A10,Objekte!$AB$2:$AB$201,0)),"") | P10: =IFERROR(INDEX(Objekte!$C$2:$C$201,MATCH($A10,Objekte!$AB$2:$AB$201,0)),"") | Q10: =IFERROR(INDEX(Objekte!$AF$2:$AF$201,MATCH($A10,Objekte!$AB$2:$AB$201,0)),"") | R10: =IFERROR(INDEX(Objekte!$AD$2:$AD$201,MATCH($A10,Objekte!$AB$2:$AB$201,0)),"")
A11: 8 | B11: =IFERROR(INDEX(Objekte!$B$2:$B$201,MATCH($A11,Objekte!$AB$2:$AB$201,0)),"") | C11: =IFERROR(INDEX(Objekte!$Z$2:$Z$201,MATCH($A11,Objekte!$AB$2:$AB$201,0)),"") | D11: =IFERROR(INDEX(Objekte!$Y$2:$Y$201,MATCH($A11,Objekte!$AB$2:$AB$201,0)),"") | E11: =IFERROR(INDEX(Objekte!$L$2:$L$201,MATCH($A11,Objekte!$AB$2:$AB$201,0)),"") | F11: =IFERROR(INDEX(Objekte!$N$2:$N$201,MATCH($A11,Objekte!$AB$2:$AB$201,0)),"") | G11: =IFERROR(INDEX(Objekte!$P$2:$P$201,MATCH($A11,Objekte!$AB$2:$AB$201,0)),"") | H11: =IFERROR(INDEX(Objekte!$E$2:$E$201,MATCH($A11,Objekte!$AB$2:$AB$201,0)),"") | I11: =IFERROR(INDEX(Objekte!$G$2:$G$201,MATCH($A11,Objekte!$AB$2:$AB$201,0)),"") | J11: =IFERROR(INDEX(Objekte!$I$2:$I$201,MATCH($A11,Objekte!$AB$2:$AB$201,0)),"") | K11: =IFERROR(INDEX(Objekte!$S$2:$S$201,MATCH($A11,Objekte!$AB$2:$AB$201,0)),"") | L11: =IFERROR(INDEX(Objekte!$X$2:$X$201,MATCH($A11,Objekte!$AB$2:$AB$201,0)),"") | M11: =IFERROR(INDEX(Objekte!$D$2:$D$201,MATCH($A11,Objekte!$AB$2:$AB$201,0)),"") | N11: =IFERROR(INDEX(Objekte!$W$2:$W$201,MATCH($A11,Objekte!$AB$2:$AB$201,0)),"") | O11: =IFERROR(INDEX(Objekte!$AH$2:$AH$201,MATCH($A11,Objekte!$AB$2:$AB$201,0)),"") | P11: =IFERROR(INDEX(Objekte!$C$2:$C$201,MATCH($A11,Objekte!$AB$2:$AB$201,0)),"") | Q11: =IFERROR(INDEX(Objekte!$AF$2:$AF$201,MATCH($A11,Objekte!$AB$2:$AB$201,0)),"") | R11: =IFERROR(INDEX(Objekte!$AD$2:$AD$201,MATCH($A11,Objekte!$AB$2:$AB$201,0)),"")
A12: 9 | B12: =IFERROR(INDEX(Objekte!$B$2:$B$201,MATCH($A12,Objekte!$AB$2:$AB$201,0)),"") | C12: =IFERROR(INDEX(Objekte!$Z$2:$Z$201,MATCH($A12,Objekte!$AB$2:$AB$201,0)),"") | D12: =IFERROR(INDEX(Objekte!$Y$2:$Y$201,MATCH($A12,Objekte!$AB$2:$AB$201,0)),"") | E12: =IFERROR(INDEX(Objekte!$L$2:$L$201,MATCH($A12,Objekte!$AB$2:$AB$201,0)),"") | F12: =IFERROR(INDEX(Objekte!$N$2:$N$201,MATCH($A12,Objekte!$AB$2:$AB$201,0)),"") | G12: =IFERROR(INDEX(Objekte!$P$2:$P$201,MATCH($A12,Objekte!$AB$2:$AB$201,0)),"") | H12: =IFERROR(INDEX(Objekte!$E$2:$E$201,MATCH($A12,Objekte!$AB$2:$AB$201,0)),"") | I12: =IFERROR(INDEX(Objekte!$G$2:$G$201,MATCH($A12,Objekte!$AB$2:$AB$201,0)),"") | J12: =IFERROR(INDEX(Objekte!$I$2:$I$201,MATCH($A12,Objekte!$AB$2:$AB$201,0)),"") | K12: =IFERROR(INDEX(Objekte!$S$2:$S$201,MATCH($A12,Objekte!$AB$2:$AB$201,0)),"") | L12: =IFERROR(INDEX(Objekte!$X$2:$X$201,MATCH($A12,Objekte!$AB$2:$AB$201,0)),"") | M12: =IFERROR(INDEX(Objekte!$D$2:$D$201,MATCH($A12,Objekte!$AB$2:$AB$201,0)),"") | N12: =IFERROR(INDEX(Objekte!$W$2:$W$201,MATCH($A12,Objekte!$AB$2:$AB$201,0)),"") | O12: =IFERROR(INDEX(Objekte!$AH$2:$AH$201,MATCH($A12,Objekte!$AB$2:$AB$201,0)),"") | P12: =IFERROR(INDEX(Objekte!$C$2:$C$201,MATCH($A12,Objekte!$AB$2:$AB$201,0)),"") | Q12: =IFERROR(INDEX(Objekte!$AF$2:$AF$201,MATCH($A12,Objekte!$AB$2:$AB$201,0)),"") | R12: =IFERROR(INDEX(Objekte!$AD$2:$AD$201,MATCH($A12,Objekte!$AB$2:$AB$201,0)),"")
A13: 10 | B13: =IFERROR(INDEX(Objekte!$B$2:$B$201,MATCH($A13,Objekte!$AB$2:$AB$201,0)),"") | C13: =IFERROR(INDEX(Objekte!$Z$2:$Z$201,MATCH($A13,Objekte!$AB$2:$AB$201,0)),"") | D13: =IFERROR(INDEX(Objekte!$Y$2:$Y$201,MATCH($A13,Objekte!$AB$2:$AB$201,0)),"") | E13: =IFERROR(INDEX(Objekte!$L$2:$L$201,MATCH($A13,Objekte!$AB$2:$AB$201,0)),"") | F13: =IFERROR(INDEX(Objekte!$N$2:$N$201,MATCH($A13,Objekte!$AB$2:$AB$201,0)),"") | G13: =IFERROR(INDEX(Objekte!$P$2:$P$201,MATCH($A13,Objekte!$AB$2:$AB$201,0)),"") | H13: =IFERROR(INDEX(Objekte!$E$2:$E$201,MATCH($A13,Objekte!$AB$2:$AB$201,0)),"") | I13: =IFERROR(INDEX(Objekte!$G$2:$G$201,MATCH($A13,Objekte!$AB$2:$AB$201,0)),"") | J13: =IFERROR(INDEX(Objekte!$I$2:$I$201,MATCH($A13,Objekte!$AB$2:$AB$201,0)),"") | K13: =IFERROR(INDEX(Objekte!$S$2:$S$201,MATCH($A13,Objekte!$AB$2:$AB$201,0)),"") | L13: =IFERROR(INDEX(Objekte!$X$2:$X$201,MATCH($A13,Objekte!$AB$2:$AB$201,0)),"") | M13: =IFERROR(INDEX(Objekte!$D$2:$D$201,MATCH($A13,Objekte!$AB$2:$AB$201,0)),"") | N13: =IFERROR(INDEX(Objekte!$W$2:$W$201,MATCH($A13,Objekte!$AB$2:$AB$201,0)),"") | O13: =IFERROR(INDEX(Objekte!$AH$2:$AH$201,MATCH($A13,Objekte!$AB$2:$AB$201,0)),"") | P13: =IFERROR(INDEX(Objekte!$C$2:$C$201,MATCH($A13,Objekte!$AB$2:$AB$201,0)),"") | Q13: =IFERROR(INDEX(Objekte!$AF$2:$AF$201,MATCH($A13,Objekte!$AB$2:$AB$201,0)),"") | R13: =IFERROR(INDEX(Objekte!$AD$2:$AD$201,MATCH($A13,Objekte!$AB$2:$AB$201,0)),"")
A14: 11 | B14: =IFERROR(INDEX(Objekte!$B$2:$B$201,MATCH($A14,Objekte!$AB$2:$AB$201,0)),"") | C14: =IFERROR(INDEX(Objekte!$Z$2:$Z$201,MATCH($A14,Objekte!$AB$2:$AB$201,0)),"") | D14: =IFERROR(INDEX(Objekte!$Y$2:$Y$201,MATCH($A14,Objekte!$AB$2:$AB$201,0)),"") | E14: =IFERROR(INDEX(Objekte!$L$2:$L$201,MATCH($A14,Objekte!$AB$2:$AB$201,0)),"") | F14: =IFERROR(INDEX(Objekte!$N$2:$N$201,MATCH($A14,Objekte!$AB$2:$AB$201,0)),"") | G14: =IFERROR(INDEX(Objekte!$P$2:$P$201,MATCH($A14,Objekte!$AB$2:$AB$201,0)),"") | H14: =IFERROR(INDEX(Objekte!$E$2:$E$201,MATCH($A14,Objekte!$AB$2:$AB$201,0)),"") | I14: =IFERROR(INDEX(Objekte!$G$2:$G$201,MATCH($A14,Objekte!$AB$2:$AB$201,0)),"") | J14: =IFERROR(INDEX(Objekte!$I$2:$I$201,MATCH($A14,Objekte!$AB$2:$AB$201,0)),"") | K14: =IFERROR(INDEX(Objekte!$S$2:$S$201,MATCH($A14,Objekte!$AB$2:$AB$201,0)),"") | L14: =IFERROR(INDEX(Objekte!$X$2:$X$201,MATCH($A14,Objekte!$AB$2:$AB$201,0)),"") | M14: =IFERROR(INDEX(Objekte!$D$2:$D$201,MATCH($A14,Objekte!$AB$2:$AB$201,0)),"") | N14: =IFERROR(INDEX(Objekte!$W$2:$W$201,MATCH($A14,Objekte!$AB$2:$AB$201,0)),"") | O14: =IFERROR(INDEX(Objekte!$AH$2:$AH$201,MATCH($A14,Objekte!$AB$2:$AB$201,0)),"") | P14: =IFERROR(INDEX(Objekte!$C$2:$C$201,MATCH($A14,Objekte!$AB$2:$AB$201,0)),"") | Q14: =IFERROR(INDEX(Objekte!$AF$2:$AF$201,MATCH($A14,Objekte!$AB$2:$AB$201,0)),"") | R14: =IFERROR(INDEX(Objekte!$AD$2:$AD$201,MATCH($A14,Objekte!$AB$2:$AB$201,0)),"")
A15: 12 | B15: =IFERROR(INDEX(Objekte!$B$2:$B$201,MATCH($A15,Objekte!$AB$2:$AB$201,0)),"") | C15: =IFERROR(INDEX(Objekte!$Z$2:$Z$201,MATCH($A15,Objekte!$AB$2:$AB$201,0)),"") | D15: =IFERROR(INDEX(Objekte!$Y$2:$Y$201,MATCH($A15,Objekte!$AB$2:$AB$201,0)),"") | E15: =IFERROR(INDEX(Objekte!$L$2:$L$201,MATCH($A15,Objekte!$AB$2:$AB$201,0)),"") | F15: =IFERROR(INDEX(Objekte!$N$2:$N$201,MATCH($A15,Objekte!$AB$2:$AB$201,0)),"") | G15: =IFERROR(INDEX(Objekte!$P$2:$P$201,MATCH($A15,Objekte!$AB$2:$AB$201,0)),"") | H15: =IFERROR(INDEX(Objekte!$E$2:$E$201,MATCH($A15,Objekte!$AB$2:$AB$201,0)),"") | I15: =IFERROR(INDEX(Objekte!$G$2:$G$201,MATCH($A15,Objekte!$AB$2:$AB$201,0)),"") | J15: =IFERROR(INDEX(Objekte!$I$2:$I$201,MATCH($A15,Objekte!$AB$2:$AB$201,0)),"") | K15: =IFERROR(INDEX(Objekte!$S$2:$S$201,MATCH($A15,Objekte!$AB$2:$AB$201,0)),"") | L15: =IFERROR(INDEX(Objekte!$X$2:$X$201,MATCH($A15,Objekte!$AB$2:$AB$201,0)),"") | M15: =IFERROR(INDEX(Objekte!$D$2:$D$201,MATCH($A15,Objekte!$AB$2:$AB$201,0)),"") | N15: =IFERROR(INDEX(Objekte!$W$2:$W$201,MATCH($A15,Objekte!$AB$2:$AB$201,0)),"") | O15: =IFERROR(INDEX(Objekte!$AH$2:$AH$201,MATCH($A15,Objekte!$AB$2:$AB$201,0)),"") | P15: =IFERROR(INDEX(Objekte!$C$2:$C$201,MATCH($A15,Objekte!$AB$2:$AB$201,0)),"") | Q15: =IFERROR(INDEX(Objekte!$AF$2:$AF$201,MATCH($A15,Objekte!$AB$2:$AB$201,0)),"") | R15: =IFERROR(INDEX(Objekte!$AD$2:$AD$201,MATCH($A15,Objekte!$AB$2:$AB$201,0)),"")
... A50: 47 | B50: =IFERROR(INDEX(Objekte!$B$2:$B$201,MATCH($A50,Objekte!$AB$2:$AB$201,0)),"") | C50: =IFERROR(INDEX(Objekte!$Z$2:$Z$201,MATCH($A50,Objekte!$AB$2:$AB$201,0)),"") | D50: =IFERROR(INDEX(Objekte!$Y$2:$Y$201,MATCH($A50,Objekte!$AB$2:$AB$201,0)),"") | E50: =IFERROR(INDEX(Objekte!$L$2:$L$201,MATCH($A50,Objekte!$AB$2:$AB$201,0)),"") | F50: =IFERROR(INDEX(Objekte!$N$2:$N$201,MATCH($A50,Objekte!$AB$2:$AB$201,0)),"") | G50: =IFERROR(INDEX(Objekte!$P$2:$P$201,MATCH($A50,Objekte!$AB$2:$AB$201,0)),"") | H50: =IFERROR(INDEX(Objekte!$E$2:$E$201,MATCH($A50,Objekte!$AB$2:$AB$201,0)),"") | I50: =IFERROR(INDEX(Objekte!$G$2:$G$201,MATCH($A50,Objekte!$AB$2:$AB$201,0)),"") | J50: =IFERROR(INDEX(Objekte!$I$2:$I$201,MATCH($A50,Objekte!$AB$2:$AB$201,0)),"") | K50: =IFERROR(INDEX(Objekte!$S$2:$S$201,MATCH($A50,Objekte!$AB$2:$AB$201,0)),"") | L50: =IFERROR(INDEX(Objekte!$X$2:$X$201,MATCH($A50,Objekte!$AB$2:$AB$201,0)),"") | M50: =IFERROR(INDEX(Objekte!$D$2:$D$201,MATCH($A50,Objekte!$AB$2:$AB$201,0)),"") | N50: =IFERROR(INDEX(Objekte!$W$2:$W$201,MATCH($A50,Objekte!$AB$2:$AB$201,0)),"") | O50: =IFERROR(INDEX(Objekte!$AH$2:$AH$201,MATCH($A50,Objekte!$AB$2:$AB$201,0)),"") | P50: =IFERROR(INDEX(Objekte!$C$2:$C$201,MATCH($A50,Objekte!$AB$2:$AB$201,0)),"") | Q50: =IFERROR(INDEX(Objekte!$AF$2:$AF$201,MATCH($A50,Objekte!$AB$2:$AB$201,0)),"") | R50: =IFERROR(INDEX(Objekte!$AD$2:$AD$201,MATCH($A50,Objekte!$AB$2:$AB$201,0)),"")
B51: =IFERROR(INDEX(Objekte!$B$2:$B$201,MATCH($A51,Objekte!$AB$2:$AB$201,0)),"") | C51: =IFERROR(INDEX(Objekte!$Z$2:$Z$201,MATCH($A51,Objekte!$AB$2:$AB$201,0)),"") | D51: =IFERROR(INDEX(Objekte!$Y$2:$Y$201,MATCH($A51,Objekte!$AB$2:$AB$201,0)),"") | E51: =IFERROR(INDEX(Objekte!$L$2:$L$201,MATCH($A51,Objekte!$AB$2:$AB$201,0)),"") | F51: =IFERROR(INDEX(Objekte!$N$2:$N$201,MATCH($A51,Objekte!$AB$2:$AB$201,0)),"") | G51: =IFERROR(INDEX(Objekte!$P$2:$P$201,MATCH($A51,Objekte!$AB$2:$AB$201,0)),"") | H51: =IFERROR(INDEX(Objekte!$E$2:$E$201,MATCH($A51,Objekte!$AB$2:$AB$201,0)),"") | I51: =IFERROR(INDEX(Objekte!$G$2:$G$201,MATCH($A51,Objekte!$AB$2:$AB$201,0)),"") | J51: =IFERROR(INDEX(Objekte!$I$2:$I$201,MATCH($A51,Objekte!$AB$2:$AB$201,0)),"") | K51: =IFERROR(INDEX(Objekte!$S$2:$S$201,MATCH($A51,Objekte!$AB$2:$AB$201,0)),"") | L51: =IFERROR(INDEX(Objekte!$X$2:$X$201,MATCH($A51,Objekte!$AB$2:$AB$201,0)),"") | M51: =IFERROR(INDEX(Objekte!$D$2:$D$201,MATCH($A51,Objekte!$AB$2:$AB$201,0)),"") | N51: =IFERROR(INDEX(Objekte!$W$2:$W$201,MATCH($A51,Objekte!$AB$2:$AB$201,0)),"") | O51: =IFERROR(INDEX(Objekte!$AH$2:$AH$201,MATCH($A51,Objekte!$AB$2:$AB$201,0)),"") | P51: =IFERROR(INDEX(Objekte!$C$2:$C$201,MATCH($A51,Objekte!$AB$2:$AB$201,0)),"") | Q51: =IFERROR(INDEX(Objekte!$AF$2:$AF$201,MATCH($A51,Objekte!$AB$2:$AB$201,0)),"") | R51: =IFERROR(INDEX(Objekte!$AD$2:$AD$201,MATCH($A51,Objekte!$AB$2:$AB$201,0)),"")
B52: =IFERROR(INDEX(Objekte!$B$2:$B$201,MATCH($A52,Objekte!$AB$2:$AB$201,0)),"") | C52: =IFERROR(INDEX(Objekte!$Z$2:$Z$201,MATCH($A52,Objekte!$AB$2:$AB$201,0)),"") | D52: =IFERROR(INDEX(Objekte!$Y$2:$Y$201,MATCH($A52,Objekte!$AB$2:$AB$201,0)),"") | E52: =IFERROR(INDEX(Objekte!$L$2:$L$201,MATCH($A52,Objekte!$AB$2:$AB$201,0)),"") | F52: =IFERROR(INDEX(Objekte!$N$2:$N$201,MATCH($A52,Objekte!$AB$2:$AB$201,0)),"") | G52: =IFERROR(INDEX(Objekte!$P$2:$P$201,MATCH($A52,Objekte!$AB$2:$AB$201,0)),"") | H52: =IFERROR(INDEX(Objekte!$E$2:$E$201,MATCH($A52,Objekte!$AB$2:$AB$201,0)),"") | I52: =IFERROR(INDEX(Objekte!$G$2:$G$201,MATCH($A52,Objekte!$AB$2:$AB$201,0)),"") | J52: =IFERROR(INDEX(Objekte!$I$2:$I$201,MATCH($A52,Objekte!$AB$2:$AB$201,0)),"") | K52: =IFERROR(INDEX(Objekte!$S$2:$S$201,MATCH($A52,Objekte!$AB$2:$AB$201,0)),"") | L52: =IFERROR(INDEX(Objekte!$X$2:$X$201,MATCH($A52,Objekte!$AB$2:$AB$201,0)),"") | M52: =IFERROR(INDEX(Objekte!$D$2:$D$201,MATCH($A52,Objekte!$AB$2:$AB$201,0)),"") | N52: =IFERROR(INDEX(Objekte!$W$2:$W$201,MATCH($A52,Objekte!$AB$2:$AB$201,0)),"") | O52: =IFERROR(INDEX(Objekte!$AH$2:$AH$201,MATCH($A52,Objekte!$AB$2:$AB$201,0)),"") | P52: =IFERROR(INDEX(Objekte!$C$2:$C$201,MATCH($A52,Objekte!$AB$2:$AB$201,0)),"") | Q52: =IFERROR(INDEX(Objekte!$AF$2:$AF$201,MATCH($A52,Objekte!$AB$2:$AB$201,0)),"") | R52: =IFERROR(INDEX(Objekte!$AD$2:$AD$201,MATCH($A52,Objekte!$AB$2:$AB$201,0)),"")
B53: =IFERROR(INDEX(Objekte!$B$2:$B$201,MATCH($A53,Objekte!$AB$2:$AB$201,0)),"") | C53: =IFERROR(INDEX(Objekte!$Z$2:$Z$201,MATCH($A53,Objekte!$AB$2:$AB$201,0)),"") | D53: =IFERROR(INDEX(Objekte!$Y$2:$Y$201,MATCH($A53,Objekte!$AB$2:$AB$201,0)),"") | E53: =IFERROR(INDEX(Objekte!$L$2:$L$201,MATCH($A53,Objekte!$AB$2:$AB$201,0)),"") | F53: =IFERROR(INDEX(Objekte!$N$2:$N$201,MATCH($A53,Objekte!$AB$2:$AB$201,0)),"") | G53: =IFERROR(INDEX(Objekte!$P$2:$P$201,MATCH($A53,Objekte!$AB$2:$AB$201,0)),"") | H53: =IFERROR(INDEX(Objekte!$E$2:$E$201,MATCH($A53,Objekte!$AB$2:$AB$201,0)),"") | I53: =IFERROR(INDEX(Objekte!$G$2:$G$201,MATCH($A53,Objekte!$AB$2:$AB$201,0)),"") | J53: =IFERROR(INDEX(Objekte!$I$2:$I$201,MATCH($A53,Objekte!$AB$2:$AB$201,0)),"") | K53: =IFERROR(INDEX(Objekte!$S$2:$S$201,MATCH($A53,Objekte!$AB$2:$AB$201,0)),"") | L53: =IFERROR(INDEX(Objekte!$X$2:$X$201,MATCH($A53,Objekte!$AB$2:$AB$201,0)),"") | M53: =IFERROR(INDEX(Objekte!$D$2:$D$201,MATCH($A53,Objekte!$AB$2:$AB$201,0)),"") | N53: =IFERROR(INDEX(Objekte!$W$2:$W$201,MATCH($A53,Objekte!$AB$2:$AB$201,0)),"") | O53: =IFERROR(INDEX(Objekte!$AH$2:$AH$201,MATCH($A53,Objekte!$AB$2:$AB$201,0)),"") | P53: =IFERROR(INDEX(Objekte!$C$2:$C$201,MATCH($A53,Objekte!$AB$2:$AB$201,0)),"") | Q53: =IFERROR(INDEX(Objekte!$AF$2:$AF$201,MATCH($A53,Objekte!$AB$2:$AB$201,0)),"") | R53: =IFERROR(INDEX(Objekte!$AD$2:$AD$201,MATCH($A53,Objekte!$AB$2:$AB$201,0)),"")
Q54: =IFERROR(INDEX(Objekte!$AF$2:$AF$201,MATCH($A54,Objekte!$AB$2:$AB$201,0)),"") | R54: =IFERROR(INDEX(Objekte!$AD$2:$AD$201,MATCH($A54,Objekte!$AB$2:$AB$201,0)),"")
Q55: =IFERROR(INDEX(Objekte!$AF$2:$AF$201,MATCH($A55,Objekte!$AB$2:$AB$201,0)),"") | R55: =IFERROR(INDEX(Objekte!$AD$2:$AD$201,MATCH($A55,Objekte!$AB$2:$AB$201,0)),"")
Q56: =IFERROR(INDEX(Objekte!$AF$2:$AF$201,MATCH($A56,Objekte!$AB$2:$AB$201,0)),"") | R56: =IFERROR(INDEX(Objekte!$AD$2:$AD$201,MATCH($A56,Objekte!$AB$2:$AB$201,0)),"")
Q57: =IFERROR(INDEX(Objekte!$AF$2:$AF$201,MATCH($A57,Objekte!$AB$2:$AB$201,0)),"") | R57: =IFERROR(INDEX(Objekte!$AD$2:$AD$201,MATCH($A57,Objekte!$AB$2:$AB$201,0)),"")
Q58: =IFERROR(INDEX(Objekte!$AF$2:$AF$201,MATCH($A58,Objekte!$AB$2:$AB$201,0)),"") | R58: =IFERROR(INDEX(Objekte!$AD$2:$AD$201,MATCH($A58,Objekte!$AB$2:$AB$201,0)),"")
Q59: =IFERROR(INDEX(Objekte!$AF$2:$AF$201,MATCH($A59,Objekte!$AB$2:$AB$201,0)),"") | R59: =IFERROR(INDEX(Objekte!$AD$2:$AD$201,MATCH($A59,Objekte!$AB$2:$AB$201,0)),"")
Q60: =IFERROR(INDEX(Objekte!$AF$2:$AF$201,MATCH($A60,Objekte!$AB$2:$AB$201,0)),"") | R60: =IFERROR(INDEX(Objekte!$AD$2:$AD$201,MATCH($A60,Objekte!$AB$2:$AB$201,0)),"")
Q61: =IFERROR(INDEX(Objekte!$AF$2:$AF$201,MATCH($A61,Objekte!$AB$2:$AB$201,0)),"") | R61: =IFERROR(INDEX(Objekte!$AD$2:$AD$201,MATCH($A61,Objekte!$AB$2:$AB$201,0)),"")
Q62: =IFERROR(INDEX(Objekte!$AF$2:$AF$201,MATCH($A62,Objekte!$AB$2:$AB$201,0)),"") | R62: =IFERROR(INDEX(Objekte!$AD$2:$AD$201,MATCH($A62,Objekte!$AB$2:$AB$201,0)),"")
Q63: =IFERROR(INDEX(Objekte!$AF$2:$AF$201,MATCH($A63,Objekte!$AB$2:$AB$201,0)),"") | R63: =IFERROR(INDEX(Objekte!$AD$2:$AD$201,MATCH($A63,Objekte!$AB$2:$AB$201,0)),"")
Q64: =IFERROR(INDEX(Objekte!$AF$2:$AF$201,MATCH($A64,Objekte!$AB$2:$AB$201,0)),"") | R64: =IFERROR(INDEX(Objekte!$AD$2:$AD$201,MATCH($A64,Objekte!$AB$2:$AB$201,0)),"")
Q65: =IFERROR(INDEX(Objekte!$AF$2:$AF$201,MATCH($A65,Objekte!$AB$2:$AB$201,0)),"") | R65: =IFERROR(INDEX(Objekte!$AD$2:$AD$201,MATCH($A65,Objekte!$AB$2:$AB$201,0)),"")
... Q203: =IFERROR(INDEX(Objekte!$AF$2:$AF$201,MATCH($A203,Objekte!$AB$2:$AB$201,0)),"") | R203: =IFERROR(INDEX(Objekte!$AD$2:$AD$201,MATCH($A203,Objekte!$AB$2:$AB$201,0)),"")

Sheet Einstellungen v9-HTML
A1: Einstellungen aus mallorca-ranking-v9.html (Stand 05.03.2026)
A3: GEWICHTE (Summe = 100)
A4: Zimmer & Platz | B4: 20
A5: Preis/Budget | B5: 15
A6: Preis-Leistung (€/m²) | B6: 15
A7: Grundstück/Garten-Verhältnis | B7: 15
A8: Erreichbarkeit | B8: 10
A9: Vermietlizenz | B9: 10
A10: Charme / Ästhetik (1-5, manuell) | B10: 10
A11: Bewirtschaftung (1-5, 5=pflegeleicht) | B11: 5
A12: Renovierung (0-100) | B12: 0
A13: Gästehaus (0-2) | B13: 0
A14: Summe | B14: =SUM(B4:B13)
A16: ERREICHBARKEIT (Minuten) | B16: Ideal | C16: Akzeptabel | D16: Dealbreaker | E16: Gewicht intern %
A17: Daia (Hotel Corazón) | B17: 20 | C17: 40 | D17: 70 | E17: 50
A18: Flughafen | B18: 15 | C18: 25 | D18: 40 | E18: 30
A19: Andratx | B19: 25 | C19: 40 | D19: 60 | E19: 15
A20: Ses Salines | B20: 15 | C20: 30 | D20: 45 | E20: 20
A22: ZIMMER
A23: Minimum Zimmer | B23: 5
A24: Ideal Zimmer | B24: 8
A26: GRUNDSTÜCK & GARTEN
A27: Grundstück Min (m²) | B27: 3000
A28: Grundstück Ideal (m²) | B28: 15000
A29: Garten Min (m²) | B29: 1000
A30: Garten Ideal (m²) | B30: 5000
A32: GÄSTEHAUS
A33: Minimum Gästehäuser | B33: 0
A35: BUDGET
A36: Max Budget (€) | B36: 20000000
